mut_index	VAR_0	VAR_1	VAR_2	TOT_0	TOT_1	TOT_2	cluster	state_tree	true_cluster_DCF0	true_cluster_DCF1	true_cluster_DCF2	point_estimate_DCF0	point_estimate_DCF1	point_estimate_DCF2	cmm_CCF0	cmm_CCF1	cmm_CCF2	Explained	LHs
10.2940216.G.C	25	32	32	64	68	63	1	(1,1,0)->(1,1,1)	1.0;(0.9534,0.9999)	1.0;(0.9549,0.9999)	1.0;(0.9664,0.9999)	0.90261466527871	1.0	1.0	0.90261466527871	1.1607682951230174	1.203205984259299	0;1;2;3;4;5;6;7;8	8058.064798991209;-3.8813591268490555;5798.373231378371;5159.739617543959;5166.922671636622;137.93748236785723;29.54993065967477;15.949084704701562;41.335664406357886
10.25493555.T.A	26	29	28	52	73	68	1	(1,1,0)->(1,1,1)	1.0;(0.9534,0.9999)	1.0;(0.9549,0.9999)	1.0;(0.9664,0.9999)	1.0	0.9798951532459719	0.9753930865043215	1.155346771556749	0.9798951532459719	0.9753930865043215	0;1;2;3;4;5;6;7;8	7507.796014594154;-5.126088216060047;5149.922213095848;4886.147723140797;4981.243657524765;112.19221738364945;37.125989930166064;10.309957079854982;28.038045716113395
10.38959384.C.A	0	23	0	64	70	57	3	(1,1,0)->(1,1,1)	0.0;(0.0,0.0484)	0.8715807082397199;(0.6892,0.9992)	0.0;(0.0,0.0553)	0.0	0.8104650060591068	0.0	0.0	0.8104650060591068	0.0	0;1;2;3;4;5;6;7;8	2063.851130036352;58.22190513917369;2098.1129813812067;-10.110700552892684;2078.0048581027504;77.7192416778028;25.249916724578107;28.540800556127984;66.05237809895857
10.37625949.A.G	27	23	25	61	67	71	1	(1,1,0)->(1,1,1)	1.0;(0.9534,0.9999)	1.0;(0.9549,0.9999)	1.0;(0.9664,0.9999)	1.0	0.8467544839423504	0.8340886554614421	1.0227659944928598	0.8467544839423504	0.8340886554614421	0;1;2;3;4;5;6;7;8	6770.9727590732045;-4.46225226240913;4326.158893661961;4695.703085609266;4517.676496453683;81.95581397478529;35.8045303287062;2.7806514206476365;15.92802770535534
10.37146714.C.A	33	28	24	64	68	60	1	(1,1,0)->(1,1,1)	1.0;(0.9534,0.9999)	1.0;(0.9549,0.9999)	1.0;(0.9664,0.9999)	1.0	1.0	0.9475247126041982	1.1914513581678974	1.0156722582326403	0.9475247126041982	0;1;2;3;4;5;6;7;8	7692.378631178737;-4.678217546338949;4698.621969499438;5160.049652224025;5527.188001151334;106.29354477594859;49.979356008794866;12.35204690088203;27.88337908509807
10.7548583.C.A	29	19	25	55	46	59	1	(1,1,0)->(1,1,1)	1.0;(0.9534,0.9999)	1.0;(0.9549,0.9999)	1.0;(0.9664,0.9999)	1.0	1.0	1.0	1.2183656863689352	1.0188265199041702	1.003733805724786	0;1;2;3;4;5;6;7;8	6608.765374650007;-4.354467636631213;3977.2231871585677;4890.337003555753;4352.48937980598;84.18201042291352;44.31875772769577;11.111650047722506;19.03344328000137
10.14466789.G.T	24	34	29	69	75	65	1	(1,1,0)->(1,1,1)	1.0;(0.9534,0.9999)	1.0;(0.9549,0.9999)	1.0;(0.9664,0.9999)	0.8037194932568688	1.0	1.0	0.8037194932568688	1.1182067909685067	1.0568544871354517	0;1;2;3;4;5;6;7;8	7866.304138879139;-4.310617888018129;5701.047415160926;4788.032489559904;5248.16979495571;132.57067926879176;23.887754979755805;10.584177146528702;40.08988407597114
10.44094814.G.T	33	35	19	72	74	50	1	(1,1,0)->(1,1,1)	1.0;(0.9534,0.9999)	1.0;(0.9549,0.9999)	1.0;(0.9664,0.9999)	1.0	1.0	0.9001484769739883	1.0590678739270198	1.1666505668888436	0.9001484769739883	0;1;2;3;4;5;6;7;8	7873.313550705147;-4.668252044888476;4883.839620443953;4703.10690313788;6159.825079480223;122.95421116084017;45.874366650524834;13.536058693447906;39.77771500369493
10.5445471.T.C	26	16	23	68	51	58	1	(1,1,0)->(1,1,1)	1.0;(0.9534,0.9999)	1.0;(0.9549,0.9999)	1.0;(0.9664,0.9999)	0.8835004723669255	0.7738455300820116	0.9393563961162309	0.8835004723669255	0.7738455300820116	0.9393563961162309	0;1;2;3;4;5;6;7;8	5865.220498338229;-4.238710919871039;3515.912159676137;4423.469017237867;3790.3703000713217;62.028036109959146;29.773697762910352;0.4530529258989091;9.401901214307749
10.7929055.G.A	29	20	25	63	52	55	1	(1,1,0)->(1,1,1)	1.0;(0.9534,0.9999)	1.0;(0.9549,0.9999)	1.0;(0.9664,0.9999)	1.0	0.9487048565909277	1.0	1.0636525833379593	0.9487048565909277	1.0767326279593161	0;1;2;3;4;5;6;7;8	6694.193034421985;-5.185784651410849;4066.933578348653;4886.881298453984;4436.923795503123;85.02900385768783;39.37028594982997;8.492019955444775;18.51306525269304
10.15822299.A.G	23	20	27	88	78	91	1	(1,1,0)->(2,1,0);(2,1,0)->(2,1,1)	1.0;(0.9534,0.9999)	1.0;(0.9549,0.9999)	1.0;(0.9664,0.9999)	0.8711149889333534	0.8936910431319808	1.0	0.8711149889333534	0.8936910431319808	1.010817688800553	0;1;2;3;4;5;6;7;8	6290.5759533869;-5.8678945451217075;4222.900057565437;4492.91914989542;3865.110502779519;78.36202214219801;22.496709211315178;1.5224218349317908;14.614140421151191
10.2269172.C.A	31	21	31	70	58	66	1	(1,1,0)->(1,1,1)	1.0;(0.9534,0.9999)	1.0;(0.9549,0.9999)	1.0;(0.9664,0.9999)	1.0	0.8930911236183561	1.0	1.0233071405216918	0.8930911236183561	1.11262371555796	0;1;2;3;4;5;6;7;8	7507.273156646235;-5.107407814048251;4700.244817047131;5611.078055804485;4707.713016145688;95.04088689782895;41.15503045832785;9.25224512582075;19.268408253643656
10.233722.G.A	0	0	0	58	84	73	0	(1,1,0)->(1,1,1)	0.0;(0.0,0.035)	0.0;(0.0,0.0359)	0.0;(0.0,0.0396)	0.0	0.0	0.0	0.0	0.0	0.0	0;1;2;3;4;5;6;7;8	-12.824253793600207;103.76808598695703;18.22554898767405;23.795346697814157;5.302450572138312;16.545962032430793;73.85436246045492;47.850557316953584;51.651038175887756
10.16712506.C.A	28	23	28	86	76	83	1	(1,1,0)->(2,1,0);(2,1,0)->(2,1,1)	1.0;(0.9534,0.9999)	1.0;(0.9549,0.9999)	1.0;(0.9664,0.9999)	1.0	1.0	1.0	1.0851503198846224	1.054790612749193	1.1492920442051802	0;1;2;3;4;5;6;7;8	7116.094172954112;-5.604528882897334;4591.764140914913;5044.8463889078575;4598.910080287229;97.42637366809538;35.71004993965554;9.780740540535902;22.98786651026949
10.49687342.G.A	25	29	19	49	62	57	1	(1,1,0)->(1,1,1)	1.0;(0.9534,0.9999)	1.0;(0.9549,0.9999)	1.0;(0.9664,0.9999)	1.0	1.0	0.789603927170165	1.1789252770987233	1.1537475191444508	0.789603927170165	0;1;2;3;4;5;6;7;8	6605.013020181571;-3.4236963727882994;4337.291331159782;3978.569304854337;4893.262726087609;103.02851329458402;37.71695144178128;10.994448745201382;31.813318568289567
10.28023425.T.C	0	0	0	92	110	90	0	(1,1,0)->(1,1,1);(1,1,0)->(2,1,0)	0.0;(0.0,0.035)	0.0;(0.0,0.0359)	0.0;(0.0,0.0396)	0.0	0.0	0.0	0.0	0.0	0.0	0;1;2;3;4;5;6;7;8	-13.75298920098244;87.534431242337;17.41828684604618;17.901799369515487;1.1799412547998802;15.49982602394093;57.97893734871445;41.50314954403517;45.301165392938884
10.25862743.A.C	17	29	19	51	64	52	1	(1,1,0)->(1,1,1)	1.0;(0.9534,0.9999)	1.0;(0.9549,0.9999)	1.0;(0.9664,0.9999)	0.7702311810378325	1.0	0.8655273817057579	0.7702311810378325	1.1176929091711867	0.8655273817057579	0;1;2;3;4;5;6;7;8	5870.560157280243;-3.7822556467928976;4337.974245179443;3244.9883372028053;4157.568308092737;100.51024983303046;15.093932740744691;4.906651633739301;31.552440872463876
10.37662982.C.T	24	28	24	54	67	57	1	(1,1,0)->(1,1,1)	1.0;(0.9534,0.9999)	1.0;(0.9549,0.9999)	1.0;(0.9664,0.9999)	1.0	1.0	0.9973944343202086	1.0269749080504433	1.0308315456689483	0.9973944343202086	0;1;2;3;4;5;6;7;8	6872.922169577258;-5.474187526918101;4699.635324450094;4340.157242997648;4706.986606493728;105.3599977670249;30.441119794602535;8.470910290323616;28.129367500960072
10.19918507.C.T	27	26	32	59	55	70	1	(1,1,0)->(1,1,1)	1.0;(0.9534,0.9999)	1.0;(0.9549,0.9999)	1.0;(0.9664,0.9999)	1.0	1.0	1.0	1.0574360282044821	1.1660445146463039	1.0828853858333691	0;1;2;3;4;5;6;7;8	7696.267019056024;-4.776567424588343;5250.382470790253;5341.2688222239085;4806.863068832397;117.63900917108211;36.533786585081714;14.33237678913239;31.67995335339453
10.4212023.G.A	33	24	25	70	63	57	1	(1,1,0)->(1,1,1)	1.0;(0.9534,0.9999)	1.0;(0.9549,0.9999)	1.0;(0.9664,0.9999)	1.0	0.9396695722424426	1.0	1.0893269560392205	0.9396695722424426	1.0389525357502172	0;1;2;3;4;5;6;7;8	7417.516024487688;-5.291359032887485;4426.971411371967;5249.003509901023;5160.743407606244;95.03373099829369;46.27868321576111;9.573901389020108;21.877628730923846
10.22489446.T.C	27	25	23	67	66	64	1	(1,1,0)->(1,1,1)	1.0;(0.9534,0.9999)	1.0;(0.9549,0.9999)	1.0;(0.9664,0.9999)	0.9311750099114096	0.9343305405819743	0.8512917339803342	0.9311750099114096	0.9343305405819743	0.8512917339803342	0;1;2;3;4;5;6;7;8	6771.276198991948;-4.977815400378269;4329.674382144284;4512.572476656843;4697.915866837293;87.62040273071594;32.203557288680905;2.990104443668713;20.526460911829155
10.16332678.C.A	25	26	20	91	95	72	1	(1,1,0)->(2,1,0);(2,1,0)->(2,1,1)	1.0;(0.9534,0.9999)	1.0;(0.9549,0.9999)	1.0;(0.9664,0.9999)	0.9156488177990338	0.9538975976166617	0.9463416633832338	0.9156488177990338	0.9538975976166617	0.9463416633832338	0;1;2;3;4;5;6;7;8	6381.19266990017;-6.129136718080808;4132.142628819643;4042.3970922080534;4585.3136049961495;86.09290828153195;26.193909048171967;2.1608172768147895;20.590444578553928
10.39049731.T.A	30	21	22	61	50	57	1	(1,1,0)->(1,1,1)	1.0;(0.9534,0.9999)	1.0;(0.9549,0.9999)	1.0;(0.9664,0.9999)	1.0	1.0	0.914278231460191	1.1364066605476217	1.035985703397293	0.914278231460191	0;1;2;3;4;5;6;7;8	6603.811400590995;-4.829179938287822;3883.723124904828;4704.128718750063;4619.549945103292;82.89638752831523;43.40830617355335;8.745759652884367;19.88205899867406
10.24866657.G.C	20	35	23	59	80	64	1	(1,1,0)->(1,1,1)	1.0;(0.9534,0.9999)	1.0;(0.9549,0.9999)	1.0;(0.9664,0.9999)	0.7832859468181348	1.0	0.8512917339803342	0.7832859468181348	1.0791517743721804	0.8512917339803342	0;1;2;3;4;5;6;7;8	7043.895529838285;-3.990442420616688;5240.317938880669;3876.304568020406;4970.53519768363;120.23145789900383;18.730166746440965;5.766453626050314;37.21373551385996
10.3190831.T.G	19	26	24	56	56	56	1	(1,1,0)->(1,1,1)	1.0;(0.9534,0.9999)	1.0;(0.9549,0.9999)	1.0;(0.9664,0.9999)	0.783985309270651	1.0	1.0	0.783985309270651	1.145222291170477	1.0152050492187836	0;1;2;3;4;5;6;7;8	6236.880435048621;-4.044012583185257;4523.454956567522;3882.318185841403;4070.696560946382;102.44456626274395;17.57139249167725;7.139653620234121;30.27747834007971
10.7199462.T.C	24	31	33	61	88	64	1	(1,1,0)->(1,1,1)	1.0;(0.9534,0.9999)	1.0;(0.9549,0.9999)	1.0;(0.9664,0.9999)	0.9091253284380975	0.8689274027412361	1.0	0.9091253284380975	0.8689274027412361	1.221418574841349	0;1;2;3;4;5;6;7;8	7956.988033347844;-3.9491345589079785;5787.448578211524;5158.8808550216845;4975.257163214052;125.68344326053764;28.365072481640674;10.175985669785852;30.497460865585637
10.49809955.C.A	0	0	0	91	102	82	0	(1,1,0)->(1,1,1);(1,1,0)->(2,1,0)	0.0;(0.0,0.035)	0.0;(0.0,0.0359)	0.0;(0.0,0.0396)	0.0	0.0	0.0	0.0	0.0	0.0	0;1;2;3;4;5;6;7;8	-13.575358173075275;81.87036765951885;17.257099656050862;15.777263955931899;0.030200686637506635;15.00009490575202;52.639209915139425;38.538802321756314;42.8796941388522
10.4158429.T.C	29	30	24	63	64	65	1	(1,1,0)->(1,1,1)	1.0;(0.9534,0.9999)	1.0;(0.9549,0.9999)	1.0;(0.9664,0.9999)	1.0	1.0	0.8746381962500291	1.0636525833379593	1.1562340439701932	0.8746381962500291	0;1;2;3;4;5;6;7;8	7508.435352590458;-4.635279951600715;4881.175896517125;4791.364481889886;5344.486277656598;112.53074307290929;39.919395765369025;11.227621796260443;33.104023763427655
10.48038425.C.A	8	13	19	37	38	56	1	(1,1,0)->(2,1,0);(2,1,0)->(2,1,1)	1.0;(0.9534,0.9999)	1.0;(0.9549,0.9999)	1.0;(0.9664,0.9999)	0.7206403668731854	1.0	1.0	0.7206403668731854	1.192371997020827	1.1558887459895213	0;1;2;3;4;5;6;7;8	3599.2282490963225;-4.100431629310201;2882.2021235076254;2427.0966376009937;1891.0857114635958;58.51333420245624;3.7194021451631123;2.893065986392191;13.923160175213486
10.27885859.T.A	20	30	26	51	67	63	1	(1,1,0)->(1,1,1)	1.0;(0.9534,0.9999)	1.0;(0.9549,0.9999)	1.0;(0.9664,0.9999)	0.9061543306327442	1.0	0.9776048622106807	0.9061543306327442	1.1044623703595875	0.9776048622106807	0;1;2;3;4;5;6;7;8	6871.382208130524;-5.112851824807876;5063.521885754801;4155.619180304646;4525.26240356342;114.56912233517873;21.72937162336634;8.359958110590803;32.80184618488224
10.44170173.G.A	0	24	0	60	64	71	3	(1,1,0)->(1,1,1)	0.0;(0.0,0.0484)	0.8715807082397199;(0.6892,0.9992)	0.0;(0.0,0.0553)	0.0	0.9249872351761546	0.0	0.0	0.9249872351761546	0.0	0;1;2;3;4;5;6;7;8	2157.856931651427;62.79823357560994;2189.977417287228;-10.21963531033887;2175.4870139797486;83.19771208278382;31.881654688119625;33.085302136192894;72.71188820551376
10.825740.G.A	21	12	15	53	31	34	1	(1,1,0)->(1,1,1)	1.0;(0.9534,0.9999)	1.0;(0.9549,0.9999)	1.0;(0.9664,0.9999)	0.9155578189694992	0.9548255330850627	1.0	0.9155578189694992	0.9548255330850627	1.0450640212546303	0;1;2;3;4;5;6;7;8	4336.453483834064;-4.709321756791848;2437.9057075545597;3251.979252728283;2982.340251501456;48.123497431234355;23.75660594871852;2.061271398934746;9.397455835243232
10.5516038.A.G	24	22	26	50	49	54	1	(1,1,0)->(1,1,1)	1.0;(0.9534,0.9999)	1.0;(0.9549,0.9999)	1.0;(0.9664,0.9999)	1.0	1.0	1.0	1.109132900694479	1.107467710142879	1.1405390059124607	0;1;2;3;4;5;6;7;8	6520.456858874293;-4.467040583221909;4345.0286480380755;4528.839178785329;4172.102255138809;98.25008043922512;33.511643710357106;12.390084970861736;25.723257990315453
10.43271443.G.T	21	33	23	49	71	58	1	(1,1,0)->(1,1,1)	1.0;(0.9534,0.9999)	1.0;(0.9549,0.9999)	1.0;(0.9664,0.9999)	0.9902972327629276	1.0	0.9393563961162309	0.9902972327629276	1.1464630520493182	0.9393563961162309	0;1;2;3;4;5;6;7;8	6965.007499885809;-4.909999612678753;5064.318357897251;3976.491110690118;4890.157301618901;120.70492539702087;25.616409786488177;10.35710170211258;37.12519104986933
10.44451175.G.T	23	25	21	47	62	49	1	(1,1,0)->(1,1,1)	1.0;(0.9534,0.9999)	1.0;(0.9549,0.9999)	1.0;(0.9664,0.9999)	1.0	0.9946099302969403	1.0	1.1307649253534138	0.9946099302969403	1.0152050492187836	0;1;2;3;4;5;6;7;8	6241.969354343581;-5.02039619766316;4156.693255983881;3981.521841508884;4346.558464504121;93.5419082888707;31.843020607007;8.481404053576078;24.149050986129964
10.12617254.G.T	21	15	18	53	44	46	1	(1,1,0)->(1,1,1)	1.0;(0.9534,0.9999)	1.0;(0.9549,0.9999)	1.0;(0.9664,0.9999)	0.9155578189694992	0.8408974865237768	0.9269263492867156	0.9155578189694992	0.8408974865237768	0.9269263492867156	0;1;2;3;4;5;6;7;8	4873.716629378305;-4.636013911713125;2975.1688530988013;3520.4125655267926;3250.071967876461;55.149414869609934;23.825919859987312;0.47837999158416267;9.534023871434758
10.12683104.G.T	17	25	19	51	58	51	1	(1,1,0)->(1,1,1)	1.0;(0.9534,0.9999)	1.0;(0.9549,0.9999)	1.0;(0.9664,0.9999)	0.7702311810378325	1.0	0.8824985068372433	0.7702311810378325	1.063203718593281	0.8824985068372433	0;1;2;3;4;5;6;7;8	5507.093942314075;-4.034486537976072;3974.5080302132756;3244.902638979788;3793.853782107861;87.65720580613583;14.840891717641497;3.0425762816960713;25.397461472036433
10.19205359.G.C	27	30	26	59	64	70	1	(1,1,0)->(1,1,1)	1.0;(0.9534,0.9999)	1.0;(0.9549,0.9999)	1.0;(0.9664,0.9999)	1.0	1.0	0.8798443759896125	1.0574360282044821	1.1562340439701932	0.8798443759896125	0;1;2;3;4;5;6;7;8	7507.843560005713;-4.666037351163986;5061.959011739942;4790.77268930514;5163.461932569569;114.73856617227864;36.63826953784765;10.982955954924961;33.19444631729421
10.24817708.G.T	24	22	28	53	62	62	1	(1,1,0)->(1,1,1)	1.0;(0.9534,0.9999)	1.0;(0.9549,0.9999)	1.0;(0.9664,0.9999)	1.0	0.8752567386613076	1.0	1.046351793107999	0.8752567386613076	1.0697859658434494	0;1;2;3;4;5;6;7;8	6690.6172903118695;-5.038489943107123;4516.795103757442;4704.666929346577;4162.575067130228;91.57625065360912;31.390353754922117;7.042652959485984;18.86563381383116
10.22485606.C.G	27	23	24	53	57	49	1	(1,1,0)->(1,1,1)	1.0;(0.9534,0.9999)	1.0;(0.9549,0.9999)	1.0;(0.9664,0.9999)	1.0	0.9953079021778504	1.0	1.1771457672464989	0.9953079021778504	1.1602343419643242	0;1;2;3;4;5;6;7;8	6701.192782748925;-4.253346218609799;4252.096185919576;4621.56363303601;4533.270731515726;96.75985236006454;40.143209011775625;12.539881713816051;24.438572950305392
10.19194325.C.A	37	25	24	73	66	53	1	(1,1,0)->(1,1,1)	1.0;(0.9534,0.9999)	1.0;(0.9549,0.9999)	1.0;(0.9664,0.9999)	1.0	0.9343305405819743	1.0	1.171173439660266	0.9343305405819743	1.0726694859670167	0;1;2;3;4;5;6;7;8	7784.392651792834;-4.61024812863559;4428.421515925674;5525.688929457729;5617.463844634469;98.9009492007027;56.034470663636725;12.775904151915071;23.654976219915106
10.16111066.G.C	22	25	32	87	109	87	1	(1,1,0)->(2,1,0);(2,1,0)->(2,1,1)	1.0;(0.9534,0.9999)	1.0;(0.9549,0.9999)	1.0;(0.9664,0.9999)	0.8428179003373175	0.799402538581359	1.0	0.8428179003373175	0.799402538581359	1.253086892204006	0;1;2;3;4;5;6;7;8	7104.544458500119;-3.9974173693326307;5127.7250444171395;4860.782818395412;4226.458969777542;101.49370243263343;22.2300654337895;5.43619423404386;20.633841062385827
10.3797865.T.A	25	28	29	65	64	58	1	(1,1,0)->(1,1,1)	1.0;(0.9534,0.9999)	1.0;(0.9549,0.9999)	1.0;(0.9664,0.9999)	0.8887282858128838	1.0	1.0	0.8887282858128838	1.0791517743721804	1.1844058907552477	0;1;2;3;4;5;6;7;8	7419.518208463318;-4.432604223294142;5160.361982277744;4885.445439009015;4799.645687408928;118.27026095202598;28.481119013021562;11.743526477688995;33.10716274181539
10.2887389.G.C	25	16	29	51	47	58	1	(1,1,0)->(1,1,1)	1.0;(0.9534,0.9999)	1.0;(0.9549,0.9999)	1.0;(0.9664,0.9999)	1.0	0.8397047241315445	1.0	1.1326929132909302	0.8397047241315445	1.1844058907552477	0;1;2;3;4;5;6;7;8	6336.21314014828;-3.8683773163542163;4069.562133981018;4892.717868548326;3716.34061909389;81.2572845734675;36.24738663405187;10.047573387486729;14.92224820111095
10.36672329.A.G	33	30	26	67	64	54	1	(1,1,0)->(1,1,1)	1.0;(0.9534,0.9999)	1.0;(0.9549,0.9999)	1.0;(0.9664,0.9999)	1.0	1.0	1.0	1.1381027898917226	1.1562340439701932	1.1405390059124607	0;1;2;3;4;5;6;7;8	8063.602260387697;-4.143617140497021;5071.451622990188;5346.531389687127;5715.247656652214;124.23157731860644;48.97746503016412;17.94878542276127;36.91238157197649
10.38947059.T.A	19	21	20	53	58	49	1	(1,1,0)->(1,1,1)	1.0;(0.9534,0.9999)	1.0;(0.9549,0.9999)	1.0;(0.9664,0.9999)	0.8283618362104992	0.8930911236183561	0.9668619516369369	0.8283618362104992	0.8930911236183561	0.9668619516369369	0;1;2;3;4;5;6;7;8	5415.096633619875;-4.568120046710355;3700.065130856986;3518.9015327781253;3610.5227975783296;74.89281492207478;18.58570128516289;1.2642656866521946;17.0407264736465
10.10138526.C.G	25	21	25	64	67	62	1	(1,1,0)->(1,1,1)	1.0;(0.9534,0.9999)	1.0;(0.9549,0.9999)	1.0;(0.9664,0.9999)	0.90261466527871	0.7731236592517113	0.9551660409316514	0.90261466527871	0.7731236592517113	0.9551660409316514	0;1;2;3;4;5;6;7;8	6407.335616227627;-4.227866054374758;4147.644048614788;4515.064044009956;4151.804554439726;77.21275970006451;29.188003806713276;1.295752323257517;13.564835506458849
10.44538992.G.C	19	21	19	38	61	47	1	(1,1,0)->(1,1,1)	1.0;(0.9534,0.9999)	1.0;(0.9549,0.9999)	1.0;(0.9664,0.9999)	1.0	0.8491686093420435	0.9576047627382853	1.155346771556749	0.8491686093420435	0.9576047627382853	0;1;2;3;4;5;6;7;8	5331.539128196194;-4.378270466104809;3608.4775040243553;3436.651870229138;3617.305723915145;74.4498978523724;26.49526770036254;4.260973675811986;15.734810384931116
10.25962767.G.T	26	19	26	58	55	62	1	(1,1,0)->(1,1,1)	1.0;(0.9534,0.9999)	1.0;(0.9549,0.9999)	1.0;(0.9664,0.9999)	1.0	0.8521094530107606	0.9933726825689174	1.0358281400163956	0.8521094530107606	0.9933726825689174	0;1;2;3;4;5;6;7;8	6416.306357952801;-5.079129138063905;4061.644605018075;4701.801515482626;4069.938242366987;78.16479052132271;34.083003579311864;4.966793203663116;14.245612329315748
10.45029235.A.G	0	24	0	71	69	46	3	(1,1,0)->(1,1,1)	0.0;(0.0,0.0484)	0.8715807082397199;(0.6892,0.9992)	0.0;(0.0,0.0553)	0.0	0.8579591746561434	0.0	0.0	0.8579591746561434	0.0	0;1;2;3;4;5;6;7;8	2155.82449502502;55.890990022188184;2193.833736360718;-10.072333812256966;2167.2468018856225;84.18070382065925;19.321957890955943;28.326821833720288;68.55718097159684
10.30844172.G.A	28	29	28	98	84	86	1	(1,1,0)->(2,1,0);(2,1,0)->(2,1,1)	1.0;(0.9534,0.9999)	1.0;(0.9549,0.9999)	1.0;(0.9664,0.9999)	0.952274770510995	1.0	1.0	0.952274770510995	1.2032911545027027	1.1092004612677904	0;1;2;3;4;5;6;7;8	7655.46095836703;-5.367289917740827;5135.196744942661;5040.484462873461;5138.774630048673;116.15355736657989;32.09965788906835;11.000497850801644;32.78769049446522
10.4996459.A.G	22	20	30	55	61	65	1	(1,1,0)->(1,1,1)	1.0;(0.9534,0.9999)	1.0;(0.9549,0.9999)	1.0;(0.9664,0.9999)	0.9242774172453991	0.8087320088971842	1.0	0.9242774172453991	0.8087320088971842	1.0932977453125363	0;1;2;3;4;5;6;7;8	6505.383736080385;-4.484967574621976;4516.148505897099;4701.995528736463;3796.412338359042;86.8421467362844;25.60477917073166;4.875180525990288;15.992862823128398
10.22623316.G.T	19	17	20	45	46	40	1	(1,1,0)->(1,1,1)	1.0;(0.9534,0.9999)	1.0;(0.9549,0.9999)	1.0;(0.9664,0.9999)	0.9756261626479212	0.9115816230721522	1.0	0.9756261626479212	0.9115816230721522	1.1844058907552477	0;1;2;3;4;5;6;7;8	5064.036030139272;-4.457542390181274;3344.721795958276;3528.6057602912856;3257.227394929347;70.59045985559685;22.818766099676093;5.453826341380218;15.52850560927364
10.8812105.C.A	33	37	21	67	89	44	1	(1,1,0)->(1,1,1)	1.0;(0.9534,0.9999)	1.0;(0.9549,0.9999)	1.0;(0.9664,0.9999)	1.0	1.0	1.0	1.1381027898917226	1.0254540135286208	1.1305692593572818	0;1;2;3;4;5;6;7;8	8238.490281203745;-4.838668211356023;5246.339643806236;4891.824746763678;6341.8378362707435;131.78965074960007;48.27908352969695;15.388194291971416;39.61607642335899
10.38790599.G.A	29	21	28	62	58	57	1	(1,1,0)->(1,1,1)	1.0;(0.9534,0.9999)	1.0;(0.9549,0.9999)	1.0;(0.9664,0.9999)	1.0	0.8930911236183561	1.0	1.080808270165991	0.8930911236183561	1.1636268400402432	0;1;2;3;4;5;6;7;8	7058.235092905511;-4.583334094867276;4430.440295404916;5162.039992063761;4528.951314630326;93.08921762415501;40.48858808965607;10.364716931891977;19.91092057226026
10.12745406.G.T	24	29	20	52	73	54	1	(1,1,0)->(1,1,1)	1.0;(0.9534,0.9999)	1.0;(0.9549,0.9999)	1.0;(0.9664,0.9999)	1.0	0.9798951532459719	0.877337696855739	1.0664739429754606	0.9798951532459719	0.877337696855739	0;1;2;3;4;5;6;7;8	6597.482210436137;-5.136748310476335;4423.124682454447;3975.8339189827793;4794.149929488136;98.7387611582833;31.80397620277912;6.327048161655817;26.342716447577978
10.42370475.C.G	23	20	18	108	89	83	7	(1,1,0)->(1,1,1);(1,1,1)->(2,1,1)	0.6154068858547527;(0.4476,0.7135)	0.548634138163577;(0.4655,0.7421)	0.6062537205820518;(0.6061,0.75)	0.4920921434408375	0.5542994667722274	0.6511639030889818	0.4920921434408375	0.5542994667722274	0.6511639030889818	0;1;2;3;4;5;6;7;8	5464.846214693423;14.04334219678313;3412.2259433967874;3673.664540846639;3850.9001839665825;53.808917016887825;19.486709438505144;-5.8273224074127725;15.51923658027075
10.10418411.G.A	28	32	24	59	87	58	1	(1,1,0)->(1,1,1)	1.0;(0.9534,0.9999)	1.0;(0.9549,0.9999)	1.0;(0.9664,0.9999)	1.0	0.9072671731995998	0.980197978556067	1.0966003255453889	0.9072671731995998	0.980197978556067	0;1;2;3;4;5;6;7;8	7593.592645130076;-5.235740616649316;5055.949960105997;4703.550468555883;5427.905393065254;111.93691280942404;38.72051066909805;8.249408706593556;28.01744954840877
10.16711536.C.G	24	20	18	80	72	76	1	(1,1,0)->(2,1,0);(2,1,0)->(2,1,1)	1.0;(0.9534,0.9999)	1.0;(0.9549,0.9999)	1.0;(0.9664,0.9999)	0.9998885090365448	0.9681652967263127	0.8068807866741255	0.9998885090365448	0.9681652967263127	0.8068807866741255	0;1;2;3;4;5;6;7;8	5571.1953831367055;-5.573647359426047;3409.613641615636;3771.8119548141067;3956.762544957585;66.0439981551314;27.814995988458108;1.0817175804635966;14.101495014566453
10.32029869.T.A	26	24	29	62	68	56	1	(1,1,0)->(1,1,1)	1.0;(0.9534,0.9999)	1.0;(0.9549,0.9999)	1.0;(0.9664,0.9999)	0.969000518079854	0.8705762213422631	1.0	0.969000518079854	0.8705762213422631	1.2267061011393638	0;1;2;3;4;5;6;7;8	7145.4711551759665;-4.1490913582734805;4792.950767950294;4979.138378713791;4525.102012084159;102.23741323339586;32.95976688115624;9.499539907325413;23.221772387394324
10.26209848.G.A	17	19	21	47	56	41	1	(1,1,0)->(1,1,1)	1.0;(0.9534,0.9999)	1.0;(0.9549,0.9999)	1.0;(0.9664,0.9999)	0.8357827709133928	0.8368932127784255	1.0	0.8357827709133928	0.8368932127784255	1.2132938393102537	0;1;2;3;4;5;6;7;8	5149.601920371632;-3.5750108837247545;3614.8746425617783;3435.5330255263552;3252.204542382503;75.27590404772776;17.361669144582976;3.8908313734386795;16.69283965004627
10.15911752.C.A	0	23	0	95	94	97	3	(1,1,0)->(2,1,0);(2,1,0)->(2,1,1)	0.0;(0.0,0.0484)	0.8715807082397199;(0.6892,0.9992)	0.0;(0.0,0.0553)	0.0	0.852809431584454	0.0	0.0	0.852809431584454	0.0	0;1;2;3;4;5;6;7;8	2054.722310024167;56.66344618934051;2086.910040724903;-11.345599528733885;2070.81669062651;76.17173786012891;26.16226057837923;29.4293690677662;65.01843106952549
10.43356233.C.A	22	16	23	44	37	57	1	(1,1,0)->(1,1,1)	1.0;(0.9534,0.9999)	1.0;(0.9549,0.9999)	1.0;(0.9664,0.9999)	1.0	1.0	0.9558363328901999	1.155346771556749	1.0666519468698	0.9558363328901999	0;1;2;3;4;5;6;7;8	5518.941068052476;-4.621376668360774;3523.8170821692947;4071.086320203545;3443.84255876686;71.36764997045073;31.131092663469424;7.283616382891271;15.47825671854363
10.29107867.G.C	30	21	24	65	54	62	1	(1,1,0)->(1,1,1)	1.0;(0.9534,0.9999)	1.0;(0.9549,0.9999)	1.0;(0.9664,0.9999)	1.0	0.9592460216641603	0.9169593992943853	1.0664739429754606	0.9592460216641603	0.9169593992943853	0;1;2;3;4;5;6;7;8	6779.8682215210665;-5.2615485882399256;4061.921311543953;4881.929330179725;4615.17421353108;82.2342094140464;40.915628929590234;6.453400674177182;17.782741991262007
10.38688006.C.A	27	22	24	65	61	56	1	(1,1,0)->(1,1,1)	1.0;(0.9534,0.9999)	1.0;(0.9549,0.9999)	1.0;(0.9664,0.9999)	0.9598265486779145	0.8896052097869027	1.0	0.9598265486779145	0.8896052097869027	1.0152050492187836	0;1;2;3;4;5;6;7;8	6595.725567676389;-5.2775736532898065;4153.053067974199;4609.339259086199;4429.54169357415;84.38994240941607;32.93708326789445;4.716457931601553;18.03045424021952
10.9617137.C.A	26	27	27	70	72	54	1	(1,1,0)->(1,1,1)	1.0;(0.9534,0.9999)	1.0;(0.9549,0.9999)	1.0;(0.9664,0.9999)	0.8582576017278707	0.9249872351761546	1.0	0.8582576017278707	0.9249872351761546	1.1844058907552477	0;1;2;3;4;5;6;7;8	7231.349802117224;-4.33424811432279;4883.112146309657;4792.263664285236;4792.158144583826;106.9832302454878;28.65670530120736;7.787763618177436;27.113914061052803
10.34723184.C.T	26	25	28	69	50	53	1	(1,1,0)->(1,1,1)	1.0;(0.9534,0.9999)	1.0;(0.9549,0.9999)	1.0;(0.9664,0.9999)	0.8706961176949413	1.0	1.0	0.8706961176949413	1.233316313568206	1.2514477336281864	0;1;2;3;4;5;6;7;8	7153.695487530279;-2.8900578383761513;4804.92249029545;4888.016603196809;4623.418465180259;114.60533063171408;30.62265633735111;14.660968273291736;34.754830562514336
10.12436190.G.A	22	18	23	51	53	58	1	(1,1,0)->(1,1,1)	1.0;(0.9534,0.9999)	1.0;(0.9549,0.9999)	1.0;(0.9664,0.9999)	0.9967697636960187	0.8377242884614229	0.9393563961162309	0.9967697636960187	0.8377242884614229	0.9393563961162309	0;1;2;3;4;5;6;7;8	5689.302349219446;-4.865422472367648;3697.925753327108;4065.424662122611;3614.452150952539;69.48289218943694;27.27994581496261;2.429942359695602;12.27569005518393
10.43486249.A.G	22	25	22	46	57	48	1	(1,1,0)->(1,1,1)	1.0;(0.9534,0.9999)	1.0;(0.9549,0.9999)	1.0;(0.9664,0.9999)	1.0	1.0	1.0	1.1051143032281947	1.0818564154107069	1.085705399858977	0;1;2;3;4;5;6;7;8	6245.860457204231;-4.800767763635115;4251.807154175576;3983.233206245046;4259.36420254815;98.96490166094864;29.92592136929533;10.563229581126045;27.36128821528758
10.18597421.T.C	18	0	0	41	56	46	2	(1,1,0)->(1,1,1)	0.9578532713887933;(0.6575,0.9995)	0.0;(0.0,0.0756)	0.0;(0.0,0.0767)	1.0	0.0	0.0	1.0144508238059258	0.0	0.0	0;1;2;3;4;5;6;7;8	1620.1983074622208;44.795741142155876;-9.499155669520647;1644.6113744564968;1631.620614322823;-5.083767456386412;71.43574941515703;20.961034720310952;10.596344811078316
10.23078013.T.C	34	27	23	69	68	57	1	(1,1,0)->(1,1,1)	1.0;(0.9534,0.9999)	1.0;(0.9549,0.9999)	1.0;(0.9664,0.9999)	1.0	0.9793982490100459	0.9558363328901999	1.1386026154472308	0.9793982490100459	0.9558363328901999	0;1;2;3;4;5;6;7;8	7599.096285817261;-5.093894648466424;4516.258194515969;5158.2663574856815;5523.997776531644;100.49850640348696;49.64411444411945;10.529212693425038;25.31020057149405
10.21245310.T.A	35	27	30	71	69	64	1	(1,1,0)->(1,1,1)	1.0;(0.9534,0.9999)	1.0;(0.9549,0.9999)	1.0;(0.9664,0.9999)	1.0	0.9652040714881612	1.0	1.139074281816513	0.9652040714881612	1.1103805225830445	0;1;2;3;4;5;6;7;8	8328.17747640155;-4.878790644132124;5154.651931196478;5887.783495694869;5618.957767661499;113.90118658220739;51.48828802689639;14.20737665068063;27.599287596979416
10.2177274.C.A	27	24	28	63	57	69	1	(1,1,0)->(1,1,1)	1.0;(0.9534,0.9999)	1.0;(0.9549,0.9999)	1.0;(0.9664,0.9999)	0.9902972327629276	1.0	0.9612569548158533	0.9902972327629276	1.0385821587942787	0.9612569548158533	0;1;2;3;4;5;6;7;8	7142.145743898709;-5.5398410555814195;4698.402561341993;4971.017543562659;4615.841697848029;97.93673978904303;33.70559421712683;7.505725681887171;23.591265375860146
10.25444362.A.T	23	0	4	56	64	54	5	(1,1,0)->(1,1,1)	0.7779237352310042;(0.6311,0.9994)	0.029432454617926342;(0.0,0.0871)	0.1432765486766771;(0.0326,0.2712)	0.9490348480644722	0.0	0.17546753937114778	0.9490348480644722	0.0	0.17546753937114778	0;1;2;3;4;5;6;7;8	2426.2111826757155;41.53804891886898;345.753157161386;2454.111830669174;2076.271762494333;-6.886375919393561;73.72813295677793;16.401775414675363;4.405464748685728
10.26549192.T.A	0	0	0	79	47	51	0	(1,1,0)->(1,1,1)	0.0;(0.0,0.035)	0.0;(0.0,0.0359)	0.0;(0.0,0.0396)	0.0	0.0	0.0	0.0	0.0	0.0	0;1;2;3;4;5;6;7;8	-12.204471364163199;84.9931462301461;30.087501389641393;8.285067006032932;0.45939058998289006;23.968890695856306;44.29202482862725;39.16210921363685;53.79008922149992
10.758947.A.T	27	30	19	58	62	52	1	(1,1,0)->(1,1,1)	1.0;(0.9534,0.9999)	1.0;(0.9549,0.9999)	1.0;(0.9664,0.9999)	1.0	1.0	0.8655273817057579	1.07566768386318	1.1935319163563285	0.8655273817057579	0;1;2;3;4;5;6;7;8	6877.244718414585;-4.217432863325733;4430.824828721551;4159.301952464217;5164.252869227079;108.10520042934493;37.60287573403587;11.503339876905194;34.21183187629017
10.5086174.A.C	23	31	20	57	78	53	1	(1,1,0)->(1,1,1)	1.0;(0.9534,0.9999)	1.0;(0.9549,0.9999)	1.0;(0.9664,0.9999)	0.9323851138879026	0.9803283518106253	0.8938912383058474	0.9323851138879026	0.9803283518106253	0.8938912383058474	0;1;2;3;4;5;6;7;8	6684.056906709555;-5.284138692079608;4604.134222622489;3881.590252134417;4880.476314742845;103.41485034134493;26.428817845581065;4.798944253781393;28.55016580919267
10.933640.G.A	20	0	0	53	48	59	2	(1,1,0)->(1,1,1)	0.9578532713887933;(0.6575,0.9995)	0.0;(0.0,0.0756)	0.0;(0.0,0.0767)	0.8719598275899992	0.0	0.0	0.8719598275899992	0.0	0.0	0;1;2;3;4;5;6;7;8	1797.1518807500436;47.85822689343126;-9.637758771152853;1818.0773667451374;1811.8022308538598;-5.339888380574101;73.62750715889331;21.28131371541017;14.635620814088435
10.24243149.C.T	24	29	30	46	63	59	1	(1,1,0)->(1,1,1)	1.0;(0.9534,0.9999)	1.0;(0.9549,0.9999)	1.0;(0.9664,0.9999)	1.0	1.0	1.0	1.2055792398853031	1.135434066459618	1.2044805668697434	0;1;2;3;4;5;6;7;8	7522.992465771904;-3.379669017234761;5345.422889226633;4896.9846980695675;4812.531201938309;128.37382723413705;36.660964550849904;18.579714199336564;37.168196277849205
10.20298300.A.G	33	25	20	72	59	48	1	(1,1,0)->(1,1,1)	1.0;(0.9534,0.9999)	1.0;(0.9549,0.9999)	1.0;(0.9664,0.9999)	1.0	1.0	0.9870049089627064	1.0590678739270198	1.0451833165832254	0.9870049089627064	0;1;2;3;4;5;6;7;8	7056.0987434097615;-5.363337111497643;4066.6248131485686;4794.343387700372;5251.276596349508;92.94309905945089;45.178088509971445;9.438230747791238;24.785647806683727
10.33830874.A.T	24	27	19	63	60	46	1	(1,1,0)->(1,1,1)	1.0;(0.9534,0.9999)	1.0;(0.9549,0.9999)	1.0;(0.9664,0.9999)	0.8802642069003801	1.0	0.978422257580422	0.8802642069003801	1.1099846822113855	0.978422257580422	0;1;2;3;4;5;6;7;8	6327.4542090930645;-4.843582038606979;4158.985436811271;3883.1366997623045;4612.972493793307;97.30498433294889;26.440305804463637;6.810067720151622;29.08566802462186
10.14785295.A.G	0	0	0	62	62	53	0	(1,1,0)->(1,1,1)	0.0;(0.0,0.035)	0.0;(0.0,0.0359)	0.0;(0.0,0.0396)	0.0	0.0	0.0	0.0	0.0	0.0	0;1;2;3;4;5;6;7;8	-12.27525349934734;84.17867594348057;20.915914990980305;14.753499244315643;0.8852304922162428;17.224938817401956;52.22209931287236;38.191317702721776;45.880794152678824
10.8170660.T.G	28	30	30	60	67	60	1	(1,1,0)->(1,1,1)	1.0;(0.9534,0.9999)	1.0;(0.9549,0.9999)	1.0;(0.9664,0.9999)	1.0	1.0	1.0	1.0783236534529657	1.1044623703595875	1.1844058907552477	0;1;2;3;4;5;6;7;8	7970.418015038796;-4.440080600799007;5433.310671441981;5254.654987212916;5260.205062223909;128.2686830064373;39.01177392291204;16.430795749832164;36.315315044177744
10.19881042.A.G	25	23	16	55	69	43	1	(1,1,0)->(1,1,1)	1.0;(0.9534,0.9999)	1.0;(0.9549,0.9999)	1.0;(0.9664,0.9999)	1.0	0.8222108757121374	0.8814183373062308	1.0503152468697716	0.8222108757121374	0.8814183373062308	0;1;2;3;4;5;6;7;8	5778.959217118739;-4.423603408281398;3514.4495766605305;3704.561438904596;4336.243730156596;72.8507534929803;33.624696023170856;2.6404419278222555;15.625179328818664
10.36191834.T.C	32	24	25	63	66	68	1	(1,1,0)->(1,1,1)	1.0;(0.9534,0.9999)	1.0;(0.9549,0.9999)	1.0;(0.9664,0.9999)	1.0	0.8969573189586953	0.8708866843788586	1.1736856092005068	0.8969573189586953	0.8708866843788586	0;1;2;3;4;5;6;7;8	7323.023499926092;-4.327421128113393;4420.489633577837;5155.818828214122;5068.982304250444;89.81542129354159;48.18524280076656;8.010146174973926;19.30729186885972
10.33523157.G.C	27	29	23	72	72	59	1	(1,1,0)->(1,1,1)	1.0;(0.9534,0.9999)	1.0;(0.9549,0.9999)	1.0;(0.9664,0.9999)	0.8665100786675617	0.993504808152166	0.9234351012668033	0.8665100786675617	0.993504808152166	0.9234351012668033	0;1;2;3;4;5;6;7;8	7134.800985290194;-5.122729224928911;4695.875875578848;4512.71674621194;5060.199098041996;102.21002832539092;29.488506360974604;4.687496828141711;27.48022252665067
10.15118901.G.T	17	22	28	47	57	65	1	(1,1,0)->(1,1,1)	1.0;(0.9534,0.9999)	1.0;(0.9549,0.9999)	1.0;(0.9664,0.9999)	0.8357827709133928	0.9520336455614221	1.0	0.8357827709133928	0.9520336455614221	1.0204112289583673	0;1;2;3;4;5;6;7;8	6052.256615010159;-4.925269993433389;4517.529337200306;4064.1265159203776;3524.9593248846445;90.85630425253218;16.010186978075915;4.08337238096313;20.610438004763033
10.13522241.C.T	34	20	28	76	55	56	1	(1,1,0)->(1,1,1)	1.0;(0.9534,0.9999)	1.0;(0.9549,0.9999)	1.0;(0.9664,0.9999)	1.0	0.8969573189586953	1.0	1.0337313219191964	0.8969573189586953	1.1844058907552477	0;1;2;3;4;5;6;7;8	7419.769505783193;-4.662944935260491;4340.678804472746;5613.765612689885;4890.237416489299;90.83271942230361;46.47633236425189;10.585931350479619;19.174636841483476
10.19263920.C.A	0	27	0	68	69	53	3	(1,1,0)->(1,1,1)	0.0;(0.0,0.0484)	0.8715807082397199;(0.6892,0.9992)	0.0;(0.0,0.0553)	0.0	0.9652040714881612	0.0	0.0	0.9652040714881612	0.0	0;1;2;3;4;5;6;7;8	2430.4591863433825;57.50252136988622;2466.86240339729;-9.934794363298124;2443.619670334946;94.9600290177755;22.476945558057423;31.54638729360563;75.3596655056
10.43779242.T.A	16	0	0	45	60	54	2	(1,1,0)->(1,1,1)	0.9578532713887933;(0.6575,0.9995)	0.0;(0.0,0.0756)	0.0;(0.0,0.0767)	0.8215799264403548	0.0	0.0	0.8215799264403548	0.0	0.0	0;1;2;3;4;5;6;7;8	1434.5125765044158;51.51077280522435;-9.527247401656663;1460.6694339982832;1447.9213715146882;-5.730068022036939;70.77788004045634;22.06551281437187;13.924723084027002
10.4322996.A.C	25	27	22	61	60	48	1	(1,1,0)->(1,1,1)	1.0;(0.9534,0.9999)	1.0;(0.9549,0.9999)	1.0;(0.9664,0.9999)	0.9470055504563516	1.0	1.0	0.9470055504563516	1.1099846822113855	1.085705399858977	0;1;2;3;4;5;6;7;8	6694.549090877844;-4.98702131045367;4433.251498983216;4250.231581547084;4708.052836221763;104.19722209989155;29.983161643481317;9.678179600691756;30.223528991651243
10.9858719.T.A	30	30	22	68	75	57	1	(1,1,0)->(1,1,1)	1.0;(0.9534,0.9999)	1.0;(0.9549,0.9999)	1.0;(0.9664,0.9999)	1.0	0.9866530508545649	0.914278231460191	1.0194236219618373	0.9866530508545649	0.914278231460191	0;1;2;3;4;5;6;7;8	7411.627091636013;-5.531340204948812;4695.286205940689;4699.351644809316;5427.36563614831;104.70340914517188;39.102173495214515;7.352432345363383;27.770209484445346
10.36938516.A.C	23	0	1	68	61	68	5	(1,1,0)->(1,1,1)	0.7779237352310042;(0.6311,0.9994)	0.029432454617926342;(0.0,0.0871)	0.1432765486766771;(0.0326,0.2712)	0.781558110170742	0.0	0.03483546737515435	0.781558110170742	0.0	0.03483546737515435	0;1;2;3;4;5;6;7;8	2152.4410015626295;56.05872663991461;78.40707317546004;2179.0338066813943;2078.4890970369106;-6.812156192472151;82.06370341816638;22.84048385922331;15.788977164866523
10.49220479.T.A	13	16	15	60	68	83	7	(1,1,0)->(1,1,1);(1,1,1)->(2,1,1)	0.6154068858547527;(0.4476,0.7135)	0.548634138163577;(0.4655,0.7421)	0.6062537205820518;(0.6061,0.75)	0.5006502676745912	0.5803841475615087	0.5426365859074848	0.5006502676745912	0.5803841475615087	0.5426365859074848	0;1;2;3;4;5;6;7;8	3938.5395140662586;9.04057733766902;2777.8042218440587;2504.1991425891583;2596.2200114317566;39.876633371853515;12.645813066364653;-5.78741710672184;9.621507167195375
10.15612817.A.G	16	14	20	75	74	88	7	(1,1,0)->(2,1,0);(2,1,0)->(2,1,1)	0.6154068858547527;(0.4476,0.7135)	0.548634138163577;(0.4655,0.7421)	0.6062537205820518;(0.6061,0.75)	0.7110318286482097	0.6593990669595425	0.7742795427681003	0.7110318286482097	0.6593990669595425	0.7742795427681003	0;1;2;3;4;5;6;7;8	4476.722960132303;-2.2259566115334337;3043.009527172812;3223.9459513088827;2683.4986384204226;44.15948628501569;13.075849871997107;-5.363325728585423;4.192444452629189
10.12821524.G.A	26	0	0	69	59	52	2	(1,1,0)->(1,1,1)	0.9578532713887933;(0.6575,0.9995)	0.0;(0.0,0.0756)	0.0;(0.0,0.0767)	0.8706961176949413	0.0	0.0	0.8706961176949413	0.0	0.0	0;1;2;3;4;5;6;7;8	2338.9795999486973;49.64033862139516;-9.79339728613214;2364.700509817667;2351.8917729215523;-5.8005248544933545;83.10102940718376;22.221618367538458;12.899941445995564
10.2625275.G.T	0	0	21	69	67	68	4	(1,1,0)->(1,1,1)	0.0;(0.0,0.0777)	0.0;(0.0,0.0813)	0.5208607907734456;(0.3286,0.7657)	0.0	0.0	0.7315448148782413	0.0	0.0	0.7315448148782413	0;1;2;3;4;5;6;7;8	1881.6957883798486;65.36608849212234;1918.6343468610196;1910.9042792480004;-8.997192104144325;38.49618409121615;29.820298139927562;28.26262611317917;33.59160514107767
10.9483041.C.A	20	22	26	48	52	58	1	(1,1,0)->(1,1,1)	1.0;(0.9534,0.9999)	1.0;(0.9549,0.9999)	1.0;(0.9664,0.9999)	0.9627889762972908	1.0	1.0	0.9627889762972908	1.0435753422500205	1.0618811434357394	0;1;2;3;4;5;6;7;8	6149.775190435097;-5.197866123277521;4340.308843777583;4159.465353220826;3802.413830774448;92.73384757027148;23.18921689034866;7.386550046621302;22.851379850081976
10.39086776.G.T	24	17	28	60	47	66	1	(1,1,0)->(1,1,1)	1.0;(0.9534,0.9999)	1.0;(0.9549,0.9999)	1.0;(0.9664,0.9999)	0.9242774172453991	0.8921862693897661	1.0	0.9242774172453991	0.8921862693897661	1.0049504527620283	0;1;2;3;4;5;6;7;8	6233.510627104451;-5.178532044720143;4063.435830540867;4698.516304881363;3706.461647997644;75.84687300755596;27.64632977780827;3.7717643662500464;13.64757969621457
10.1930034.C.G	32	23	26	76	52	59	1	(1,1,0)->(1,1,1)	1.0;(0.9534,0.9999)	1.0;(0.9549,0.9999)	1.0;(0.9664,0.9999)	0.9729235971004201	1.0	1.0	0.9729235971004201	1.0910105850795668	1.0438831579537775	0;1;2;3;4;5;6;7;8	7326.90657260753;-5.356884544926679;4431.332144813698;5245.097684770125;4979.79352396559;96.63151419475432;40.47317524122139;9.552277797031095;24.688389377535685
10.1647336.G.A	22	16	22	56	43	50	1	(1,1,0)->(1,1,1)	1.0;(0.9534,0.9999)	1.0;(0.9549,0.9999)	1.0;(0.9664,0.9999)	0.907772463366017	0.9178167914926184	1.0	0.907772463366017	0.9178167914926184	1.0422771838646179	0;1;2;3;4;5;6;7;8	5420.723843160995;-4.9650540820756355;3432.0239544049728;3975.4847810614497;3434.7242105423306;67.0717949496516;24.610846041323168;3.258997159426226;13.28758142741496
10.3098007.G.C	30	19	13	67	55	38	1	(1,1,0)->(1,1,1)	1.0;(0.9534,0.9999)	1.0;(0.9549,0.9999)	1.0;(0.9664,0.9999)	1.0	0.8521094530107606	0.8103829778851696	1.034638899901566	0.8521094530107606	0.8103829778851696	0;1;2;3;4;5;6;7;8	5599.074228015361;-4.439428018840655;2882.198000892774;3884.5693855451864;4427.628347353415;59.114275096159744;40.705457495530666;2.5370212165119277;12.39979928138273
10.47544152.G.C	0	0	17	80	68	61	4	(1,1,0)->(1,1,1)	0.0;(0.0,0.0777)	0.0;(0.0,0.0813)	0.5208607907734456;(0.3286,0.7657)	0.0	0.0	0.6601606604209577	0.0	0.0	0.6601606604209577	0;1;2;3;4;5;6;7;8	1519.0854705032853;72.83128446304062;1561.9127846843533;1548.729908996335;-9.997471920014188;37.41802780265009;31.622106335445295;31.385901888523307;39.76482929150111
10.19027372.T.C	22	23	21	51	57	45	1	(1,1,0)->(1,1,1)	1.0;(0.9534,0.9999)	1.0;(0.9549,0.9999)	1.0;(0.9664,0.9999)	0.9967697636960187	0.9953079021778504	1.0	0.9967697636960187	0.9953079021778504	1.1054454980382313	0;1;2;3;4;5;6;7;8	5969.135534473596;-5.105740257955578;3977.7589385812576;3889.50638476068;4072.7314005593016;88.8393829167766;27.046010265508087;7.239696307976843;22.702332674848208
10.9741370.C.A	27	25	34	57	62	66	1	(1,1,0)->(1,1,1)	1.0;(0.9534,0.9999)	1.0;(0.9549,0.9999)	1.0;(0.9664,0.9999)	1.0	0.9946099302969403	1.0	1.0945390467379725	0.9946099302969403	1.2202969783538915	0;1;2;3;4;5;6;7;8	7788.378957620655;-4.211685715680808;5341.423726500358;5527.931444785959;4716.307655726366;117.73051021120634;38.128934198297195;15.18287299316404;28.8402914779818
10.32170926.T.A	15	16	13	37	39	30	1	(1,1,0)->(1,1,1)	1.0;(0.9534,0.9999)	1.0;(0.9549,0.9999)	1.0;(0.9664,0.9999)	0.9367676526135802	1.0	1.0	0.9367676526135802	1.0119518470303228	1.0264851053212147	0;1;2;3;4;5;6;7;8	3975.8749274997153;-4.7001751159829155;2619.3105089338437;2528.8920749005792;2802.4425586880993;57.34834082048888;16.07416654261635;2.563316754343152;14.295169352951302
10.37909166.C.A	18	19	25	38	53	51	1	(1,1,0)->(1,1,1)	1.0;(0.9534,0.9999)	1.0;(0.9549,0.9999)	1.0;(0.9664,0.9999)	1.0	0.8842645267092797	1.0	1.0945390467379725	0.8842645267092797	1.1611822458384782	0;1;2;3;4;5;6;7;8	5609.015402180482;-4.330341107114339;3977.711914766951;3893.638664460512;3350.7529191867857;82.71613142261947;23.894166450140535;7.4837543965145805;17.524294169560022
10.44206972.T.C	27	22	25	66	58	52	1	(1,1,0)->(1,1,1)	1.0;(0.9534,0.9999)	1.0;(0.9549,0.9999)	1.0;(0.9664,0.9999)	0.9452837221827947	0.9356192723620873	1.0	0.9452837221827947	0.9356192723620873	1.138851818033892	0;1;2;3;4;5;6;7;8	6690.991302701956;-4.987744289451911;4248.854144427029;4703.297151237071;4432.977130726968;90.42014492244462;32.71599787585222;7.318503738880246;21.018286175968058
10.9994081.C.A	32	26	27	73	59	53	1	(1,1,0)->(1,1,1)	1.0;(0.9534,0.9999)	1.0;(0.9549,0.9999)	1.0;(0.9664,0.9999)	1.0	1.0	1.0	1.0129067586250948	1.0869906492465544	1.2067531717128939	0;1;2;3;4;5;6;7;8	7695.99569680087;-4.570977381060068;4798.815244725249;5342.741290468346;5256.555728248764;111.7777892092344;42.807109517092606;14.10800780986122;30.692449090166477
10.19437161.G.A	33	33	26	65	66	58	1	(1,1,0)->(1,1,1)	1.0;(0.9534,0.9999)	1.0;(0.9549,0.9999)	1.0;(0.9664,0.9999)	1.0	1.0	1.0	1.1731213372730065	1.233316313568206	1.0618811434357394	0;1;2;3;4;5;6;7;8	8337.251159474097;-3.5564532546917533;5344.029839222061;5346.555032153918;5989.889799813449;134.27241647866666;50.59404816843514;20.108531143750163;42.395456967459396
10.2813803.C.T	27	25	33	74	53	72	1	(1,1,0)->(1,1,1)	1.0;(0.9534,0.9999)	1.0;(0.9549,0.9999)	1.0;(0.9664,0.9999)	0.8430908873522222	1.0	1.0	0.8430908873522222	1.1635059561964207	1.085705399858977	0;1;2;3;4;5;6;7;8	7688.249789606574;-4.30083233335656;5250.395362749754;5423.8787481477975;4708.5054076224515;114.20609186378212;29.288679864921434;10.86430370631988;31.008988387821148
10.36320222.G.T	23	22	17	55	55	44	1	(1,1,0)->(1,1,1)	1.0;(0.9534,0.9999)	1.0;(0.9549,0.9999)	1.0;(0.9664,0.9999)	0.96629002712019	0.9866530508545649	0.9152227337654186	0.96629002712019	0.9866530508545649	0.9152227337654186	0;1;2;3;4;5;6;7;8	5601.33439817822;-5.181696477660456;3520.341031236627;3612.332403838642;4068.0301684368715;76.29713939338941;27.56180729884261;3.785018867242357;19.28445033806863
10.24825279.C.G	32	29	29	77	68	65	1	(1,1,0)->(1,1,1)	1.0;(0.9534,0.9999)	1.0;(0.9549,0.9999)	1.0;(0.9664,0.9999)	0.9602882257095057	1.0	1.0	0.9602882257095057	1.0519462674552345	1.0568544871354517	0;1;2;3;4;5;6;7;8	8140.209320994086;-5.569304510695744;5245.170234627517;5516.381291416239;5522.074977070657;116.70848209588677;39.74613686471383;10.744272456951265;30.983372234404335
10.8687893.G.T	21	19	26	56	60	55	1	(1,1,0)->(1,1,1)	1.0;(0.9534,0.9999)	1.0;(0.9549,0.9999)	1.0;(0.9664,0.9999)	0.8665100786675617	0.7811003319265305	1.0	0.8665100786675617	0.7811003319265305	1.1198019330776887	0;1;2;3;4;5;6;7;8	5960.746103869271;-3.848822912583721;4063.8043518715567;4248.420999523585;3612.6398111524954;78.53287917669101;23.071382815631267;3.426051315366699;14.636172090177737
10.16262107.G.T	25	24	17	82	74	76	1	(1,1,0)->(2,1,0);(2,1,0)->(2,1,1)	1.0;(0.9534,0.9999)	1.0;(0.9549,0.9999)	1.0;(0.9664,0.9999)	1.0	1.0	0.7620540763033409	1.0161468587769764	1.130398400502073	0.7620540763033409	0;1;2;3;4;5;6;7;8	5935.1770213187165;-5.005324484434304;3683.077616277066;3772.348549347288;4411.1354536030285;79.28700268035034;30.2038144168581;4.065991907748753;21.76138075375667
10.46973288.G.A	27	27	18	86	106	89	7	(1,1,0)->(1,1,1)	0.6154068858547527;(0.4476,0.7135)	0.548634138163577;(0.4655,0.7421)	0.6062537205820518;(0.6061,0.75)	0.7254502984193539	0.6282932163460673	0.4790855288448193	0.7254502984193539	0.6282932163460673	0.4790855288448193	0;1;2;3;4;5;6;7;8	6466.393926802515;10.925711265476153;4034.963597072855;4042.130008217053;4853.426639105147;64.00536611813106;38.29955385463592;-5.0772124737109365;15.156651622790882
10.8596853.C.A	27	27	21	51	73	54	1	(1,1,0)->(1,1,1)	1.0;(0.9534,0.9999)	1.0;(0.9549,0.9999)	1.0;(0.9664,0.9999)	1.0	0.9123161771600428	0.9212045816985259	1.2233083463542047	0.9123161771600428	0.9212045816985259	0;1;2;3;4;5;6;7;8	6782.781070738243;-4.252012520801898;4332.613791054367;4344.130880531155;4888.611735992327;95.36491398796865;41.16661034080622;8.713387144547788;23.398346954701537
10.8285915.A.G	27	32	23	55	73	53	1	(1,1,0)->(1,1,1)	1.0;(0.9534,0.9999)	1.0;(0.9549,0.9999)	1.0;(0.9664,0.9999)	1.0	1.0	1.0	1.1343404666193535	1.0812636173748655	1.0279749240517244	0;1;2;3;4;5;6;7;8	7422.537646440284;-4.957011779229489;4974.51173246546;4526.3922031175225;5346.445893079833;119.54564598265151;38.409273916982066;13.081772120135327;34.98956376993517
10.20286385.C.T	0	0	4	54	72	62	4	(1,1,0)->(1,1,1)	0.0;(0.0,0.0777)	0.0;(0.0,0.0813)	0.5208607907734456;(0.3286,0.7657)	0.0	0.0	0.1528265665490642	0.0	0.0	0.1528265665490642	0;1;2;3;4;5;6;7;8	342.7408511012767;77.63586497632963;371.64928817349755;374.12908009391754;-5.21208093043586;12.19712175908908;49.794045773231126;31.76144975826989;35.31549474241581
10.11220244.G.A	19	27	21	45	56	50	1	(1,1,0)->(1,1,1)	1.0;(0.9534,0.9999)	1.0;(0.9549,0.9999)	1.0;(0.9664,0.9999)	0.9756261626479212	1.0	0.994900948234408	0.9756261626479212	1.1892693023693415	0.994900948234408	0;1;2;3;4;5;6;7;8	6062.223374604952;-4.580702468047555;4342.909140423957;3616.1620747746006;4167.060795784202;103.29236202609383;22.69696973835743;9.558949388378181;31.458678833360693
10.30101933.C.T	31	23	26	58	50	58	1	(1,1,0)->(1,1,1)	1.0;(0.9534,0.9999)	1.0;(0.9549,0.9999)	1.0;(0.9664,0.9999)	1.0	1.0	1.0	1.2350258592503176	1.1346510084827497	1.0618811434357394	0;1;2;3;4;5;6;7;8	7248.428684865759;-3.79598345817778;4434.976248139495;5165.747901778558;4901.06732520511;102.10394481185219;48.645622451881316;15.791178945307436;27.34760198132185
10.10677495.G.T	25	22	22	75	53	53	1	(1,1,0)->(1,1,1)	1.0;(0.9534,0.9999)	1.0;(0.9549,0.9999)	1.0;(0.9664,0.9999)	0.7702311810378325	1.0	0.9832803621364321	0.7702311810378325	1.0238852414528503	0.9832803621364321	0;1;2;3;4;5;6;7;8	6229.881678572221;-4.01134907552553;3976.07886665928;4240.007788982848;4244.626979009683;83.93881738530891;23.74874561251869;3.322609048136421;22.345253386031438
10.16447039.G.A	30	22	22	88	79	80	1	(1,1,0)->(2,1,0);(2,1,0)->(2,1,1)	1.0;(0.9534,0.9999)	1.0;(0.9549,0.9999)	1.0;(0.9664,0.9999)	1.0	0.9706163481104297	0.9368782467494015	1.1362369420869827	0.9706163481104297	0.9368782467494015	0;1;2;3;4;5;6;7;8	6659.167377881022;-5.814843336705472;3953.1243823648556;4679.788052565126;4683.833143646207;80.30258792577399;39.77377585540879;5.816259136502275;17.36606552063993
10.11704611.C.G	18	18	22	48	50	51	1	(1,1,0)->(1,1,1)	1.0;(0.9534,0.9999)	1.0;(0.9549,0.9999)	1.0;(0.9664,0.9999)	0.8665100786675617	0.8879877457691083	1.0	0.8665100786675617	0.8879877457691083	1.0218403763378607	0;1;2;3;4;5;6;7;8	5237.396549452279;-4.750118804534708;3611.4464763113815;3612.2110194807506;3251.645227852324;70.93415903231067;18.324160619146404;2.167485710657516;14.566672012274907
10.6184997.T.A	18	25	15	49	63	37	1	(1,1,0)->(1,1,1)	1.0;(0.9534,0.9999)	1.0;(0.9549,0.9999)	1.0;(0.9664,0.9999)	0.8488261995110808	0.9788224710858777	0.9603291006123631	0.8488261995110808	0.9788224710858777	0.9603291006123631	0;1;2;3;4;5;6;7;8	5237.213176031777;-4.80305158239916;3611.798444318142;2977.201610821978;3883.844876755295;82.15855270960056;17.756738283812663;2.716208085684915;22.952188276492002
10.16233574.G.A	20	31	26	82	82	68	1	(1,1,0)->(2,1,0);(2,1,0)->(2,1,1)	1.0;(0.9534,0.9999)	1.0;(0.9549,0.9999)	1.0;(0.9664,0.9999)	0.8129174870215812	1.0	1.0	0.8129174870215812	1.3176493550567863	1.3026114660686865	0;1;2;3;4;5;6;7;8	6940.722468939282;-2.6297700662998125;5144.599563679563;4143.160139205739;4601.832095456633;126.96562344644386;20.289157613667747;14.366467107582295;41.342354640210274
10.16214694.T.A	0	0	0	90	102	84	0	(1,1,0)->(1,1,1);(1,1,0)->(2,1,0)	0.0;(0.0,0.035)	0.0;(0.0,0.0359)	0.0;(0.0,0.0396)	0.0	0.0	0.0	0.0	0.0	0.0	0;1;2;3;4;5;6;7;8	-13.588239751236802;82.19570677437821;16.905399859986844;15.764382377770373;0.3491620074933639;14.807350347400858;53.284821362979116;38.713706007539514;42.9685218786722
10.9261001.G.C	21	37	17	52	78	49	1	(1,1,0)->(1,1,1)	1.0;(0.9534,0.9999)	1.0;(0.9549,0.9999)	1.0;(0.9664,0.9999)	0.9331647001035279	1.0	0.8218326588913963	0.9331647001035279	1.1700693231288108	0.8218326588913963	0;1;2;3;4;5;6;7;8	6781.555505757006;-4.102809254906411;4882.472388050239;3430.0945474430628;5249.492831109203;123.42183389276813;24.878037508953653;9.744489484688742;42.025232457882964
10.39029434.C.G	25	18	21	58	49	45	1	(1,1,0)->(1,1,1)	1.0;(0.9534,0.9999)	1.0;(0.9549,0.9999)	1.0;(0.9664,0.9999)	0.9959885961696111	0.9061099446623555	1.0	0.9959885961696111	0.9061099446623555	1.1054454980382313	0;1;2;3;4;5;6;7;8	5786.364276514418;-4.963506616326665;3523.4606603379993;4160.7427989179905;3889.9601426001236;73.00427289827877;31.547492369180034;5.612485187454233;15.439987063996057
10.25114307.C.T	22	0	3	55	68	56	5	(1,1,0)->(1,1,1)	0.7779237352310042;(0.6311,0.9994)	0.029432454617926342;(0.0,0.0871)	0.1432765486766771;(0.0326,0.2712)	0.9242774172453991	0.0	0.12690063115234795	0.9242774172453991	0.0	0.12690063115234795	0;1;2;3;4;5;6;7;8	2245.250876998564;46.80949023094251;256.0156468152788;2274.8953154916135;1986.6451326525125;-7.298726641048126;76.85648126820128;18.855566378020875;6.930580099319148
10.47006842.G.A	26	32	34	112	117	112	7	(1,1,0)->(1,1,1)	0.6154068858547527;(0.4476,0.7135)	0.548634138163577;(0.4655,0.7421)	0.6062537205820518;(0.6061,0.75)	0.5364110010799191	0.674634564686882	0.7191035765299717	0.5364110010799191	0.674634564686882	0.7191035765299717	0;1;2;3;4;5;6;7;8	8268.620671191831;10.826510772566472;5942.8673553293265;5391.656923364573;5207.971676158146;101.69527692718196;22.170036972250948;-4.979577441192411;25.476608785180296
10.38095453.C.A	29	28	29	60	62	69	1	(1,1,0)->(1,1,1)	1.0;(0.9534,0.9999)	1.0;(0.9549,0.9999)	1.0;(0.9664,0.9999)	1.0	1.0	0.9955875603449907	1.1168352125048573	1.1139631219325732	0.9955875603449907	0;1;2;3;4;5;6;7;8	7784.1028245284015;-5.021203945556572;5155.23734417328;5249.158159824303;5166.961724679808;115.764011920571;41.08018413311245;13.168043777925547;31.22122007472921
10.31845104.G.T	0	0	0	67	59	58	0	(1,1,0)->(1,1,1)	0.0;(0.0,0.035)	0.0;(0.0,0.0359)	0.0;(0.0,0.0396)	0.0	0.0	0.0	0.0	0.0	0.0	0;1;2;3;4;5;6;7;8	-12.391389711303926;88.08006870583885;23.476485915340472;13.329520157665687;2.010649373803389;19.43710217381061;53.54862137924204;40.34705703482631;50.122791801089065
10.26455816.C.T	32	34	32	74	81	74	1	(1,1,0)->(1,1,1)	1.0;(0.9534,0.9999)	1.0;(0.9549,0.9999)	1.0;(0.9664,0.9999)	0.9992188294544856	1.0	1.0	0.9992188294544856	1.0353766583041728	1.0243510406531873	0;1;2;3;4;5;6;7;8	8863.921699320827;-5.833943383955663;5967.276588672468;5788.265735750979;5975.510993172035;133.3912523837806;41.024611536678925;12.091063291308224;35.77321174313701
10.47039108.G.T	30	27	30	126	131	148	7	(1,1,0)->(1,1,1)	0.6154068858547527;(0.4476,0.7135)	0.548634138163577;(0.4655,0.7421)	0.6062537205820518;(0.6061,0.75)	0.5501651293127375	0.5083899307838406	0.48016455030618155	0.5501651293127375	0.5083899307838406	0.48016455030618155	0;1;2;3;4;5;6;7;8	7795.300160158209;30.894928031578274;5110.00907724416;5381.934932195192;5106.938576989693;66.71088813200711;45.62182725965809;-5.756547746491648;18.8860762682893
10.9507892.C.G	22	29	32	58	63	62	1	(1,1,0)->(1,1,1)	1.0;(0.9534,0.9999)	1.0;(0.9549,0.9999)	1.0;(0.9664,0.9999)	0.8764699646292577	1.0	1.0	0.8764699646292577	1.135434066459618	1.2226125323925137	0;1;2;3;4;5;6;7;8	7514.116102205149;-3.7200275162543264;5526.486896303653;4888.108334502813;4622.725663831853;128.73983783275048;24.83554918949696;14.414366727849306;37.342899887637934
10.36025014.T.A	26	21	26	49	46	62	1	(1,1,0)->(1,1,1)	1.0;(0.9534,0.9999)	1.0;(0.9549,0.9999)	1.0;(0.9664,0.9999)	1.0	1.0	0.9933726825689174	1.2260822881826723	1.126071416736188	0.9933726825689174	0;1;2;3;4;5;6;7;8	6610.4921833076005;-4.116058609337024;4251.012357527506;4709.065710967078;4264.124067721787;93.17454531847676;39.68310811987648;12.397614120042881;23.623864785561217
